{"noiseKey":{"private":{"type":"Buffer","data":"MJdtxsppJhsNgdf3IiEXwMt2AmBFE9D+LJ48w8XcQFg="},"public":{"type":"Buffer","data":"KmCfyAx4DLhEAq2c8IpwBAPa11L6bfUjf74h3UWgkgs="}},"pairingEphemeralKeyPair":{"private":{"type":"Buffer","data":"mOTxfrhVvOVNIR0n0+KpQ5YnMHmHPoE4jm+hnR+wT1Y="},"public":{"type":"Buffer","data":"rqE2xsnRr0Dq6L0fHTsGSnb4giCKQ8FcPK8yRt3AZRA="}},"signedIdentityKey":{"private":{"type":"Buffer","data":"aALhr5bneo+hytBskjuRi9JdCZT0PCM/e9EW08QQz0I="},"public":{"type":"Buffer","data":"hUKd3u/PWBP4eRxcviiZSouQOGby/otP/rTNP5Mg0GA="}},"signedPreKey":{"keyPair":{"private":{"type":"Buffer","data":"0DWDcPlpRQqkwiI3OPQIbM19aFMCV78WyfExdA9LRV0="},"public":{"type":"Buffer","data":"bAqeOe7p8vA8bPln5Q+JCzSIeza2dHBn2VLEVCDenCA="}},"signature":{"type":"Buffer","data":"oo6G35De2ZH9HBPsE2acW0pJY3fqI9ffEl+TIjnXe/G2bddYMnszHQznsEtBHRBrvs2ad9WbCMM609NqOxl1hA=="},"keyId":1},"registrationId":184,"advSecretKey":"PzVT4Rl5MXRGlCu2iCZvgRLdV+ltdlyUehslV3CtN34=","processedHistoryMessages":[{"key":{"remoteJid":"601113256170@s.whatsapp.net","fromMe":true,"id":"3AFF3A184BDF360053A9"},"messageTimestamp":1725884080},{"key":{"remoteJid":"601113256170@s.whatsapp.net","fromMe":true,"id":"3A01991C7061EB771C98"},"messageTimestamp":1725884082},{"key":{"remoteJid":"601113256170@s.whatsapp.net","fromMe":true,"id":"3ADBDAC58E29EB3D546D"},"messageTimestamp":1725884095},{"key":{"remoteJid":"601113256170@s.whatsapp.net","fromMe":true,"id":"3AA9982AB31A46C0A769"},"messageTimestamp":1725884103},{"key":{"remoteJid":"601113256170@s.whatsapp.net","fromMe":true,"id":"3AC5A71DD4C5E2ED619F"},"messageTimestamp":1725884108},{"key":{"remoteJid":"601113256170@s.whatsapp.net","fromMe":true,"id":"3A88F23B1A715641BCA4"},"messageTimestamp":1725884111},{"key":{"remoteJid":"601113256170@s.whatsapp.net","fromMe":true,"id":"3A99D139B205167726AB"},"messageTimestamp":1725884119},{"key":{"remoteJid":"601113256170@s.whatsapp.net","fromMe":true,"id":"3A15843C8691A0859B5D"},"messageTimestamp":1725884119},{"key":{"remoteJid":"601113256170@s.whatsapp.net","fromMe":true,"id":"3ADC293BFD5B90F44B3A"},"messageTimestamp":1725884142},{"key":{"remoteJid":"601113256170@s.whatsapp.net","fromMe":true,"id":"3AF8FF830ECC70545339"},"messageTimestamp":1725885203},{"key":{"remoteJid":"601113256170@s.whatsapp.net","fromMe":true,"id":"3A182DC4FC649AE39163"},"messageTimestamp":1725887045},{"key":{"remoteJid":"601113256170@s.whatsapp.net","fromMe":true,"id":"3A35B4EA6B3540529C76"},"messageTimestamp":1725887058},{"key":{"remoteJid":"601113256170@s.whatsapp.net","fromMe":true,"id":"3A80754CB03F1722B9D4"},"messageTimestamp":1725887062},{"key":{"remoteJid":"601113256170@s.whatsapp.net","fromMe":true,"id":"3A769D69051A35DD45A4"},"messageTimestamp":1725887067},{"key":{"remoteJid":"601113256170@s.whatsapp.net","fromMe":true,"id":"3ACB1B2678F7CEE6621C"},"messageTimestamp":1725887074},{"key":{"remoteJid":"601113256170@s.whatsapp.net","fromMe":true,"id":"3ABFE898E8FD3D568EEB"},"messageTimestamp":1725887074},{"key":{"remoteJid":"601113256170@s.whatsapp.net","fromMe":true,"id":"3A68E877B69985A7DD81"},"messageTimestamp":1725887079},{"key":{"remoteJid":"601113256170@s.whatsapp.net","fromMe":true,"id":"3A596BBE3FB61D69AE90"},"messageTimestamp":1725887083},{"key":{"remoteJid":"601113256170@s.whatsapp.net","fromMe":true,"id":"3AC8A51F3D9064BFEB8C"},"messageTimestamp":1725887092},{"key":{"remoteJid":"601113256170@s.whatsapp.net","fromMe":true,"id":"3A5C9AD6FACCA7ED859E"},"messageTimestamp":1725887092},{"key":{"remoteJid":"601113256170@s.whatsapp.net","fromMe":true,"id":"3A348230DEDE2246F8F0"},"messageTimestamp":1725887097},{"key":{"remoteJid":"601113256170@s.whatsapp.net","fromMe":true,"id":"3ACC22A329B7A1DB9EC8"},"messageTimestamp":1725887106},{"key":{"remoteJid":"601113256170@s.whatsapp.net","fromMe":true,"id":"3A9441AC0813EEE9D327"},"messageTimestamp":1725887106},{"key":{"remoteJid":"601113256170@s.whatsapp.net","fromMe":true,"id":"3A85A39673075183B0AB"},"messageTimestamp":1725887111},{"key":{"remoteJid":"601113256170@s.whatsapp.net","fromMe":true,"id":"3A72253F8E8475F7FCF3"},"messageTimestamp":1725887134},{"key":{"remoteJid":"601113256170@s.whatsapp.net","fromMe":true,"id":"3AF55F2E74E87A449381"},"messageTimestamp":1725887731},{"key":{"remoteJid":"601113256170@s.whatsapp.net","fromMe":true,"id":"3AB78E28A3AB37584D7D"},"messageTimestamp":1725887731},{"key":{"remoteJid":"601113256170@s.whatsapp.net","fromMe":true,"id":"3AF70E7C72285B33381E"},"messageTimestamp":1725887731},{"key":{"remoteJid":"601113256170@s.whatsapp.net","fromMe":true,"id":"3A39B07424BF8AFDBEC5"},"messageTimestamp":1725887854}],"nextPreKeyId":1013,"firstUnuploadedPreKeyId":1013,"accountSyncCounter":1,"accountSettings":{"unarchiveChats":true},"deviceId":"iMBzBDxZQ1GcsfOu0FmM6Q","phoneId":"99f8ad49-a52c-40d9-acbc-bcb94ced7a73","identityId":{"type":"Buffer","data":"yD9hck207kf6aSMxqu5t9sSeYFY="},"registered":false,"backupToken":{"type":"Buffer","data":"e34dNPWf4GwjLFbISU3jUjFsEQg="},"registration":{},"account":{"details":"CKORlOcIEKjN+7YGGAMgACgA","accountSignatureKey":"SL9OW6z5ap2g6+pbow9vk4bbYBxpPcG8qY2Nogkq/xU=","accountSignature":"ZjQ+o+dKHby7A5LE05VsdEp5Dl80CDQ5maLM7bofgYRSEAZWkL/pkgmfZpGWYD8r/JUH+6JC+pQGFk3GeGHogQ==","deviceSignature":"d5FVs6+6H0Vkb3LNwMNJM9OFxljSJs5jWcLANkzVhm0opV9Q+sU823dkR0qHZdyPA48P3wuLAVxif3U9P75Jhg=="},"me":{"id":"601113256170:16@s.whatsapp.net","name":"bobot warez","jid":"601113256170@s.whatsapp.net","lid":"133144489508922:16@lid"},"signalIdentities":[{"identifier":{"name":"601113256170:16@s.whatsapp.net","deviceId":0},"identifierKey":{"type":"Buffer","data":"BUi/Tlus+WqdoOvqW6MPb5OG22AcaT3BvKmNjaIJKv8V"}}],"platform":"smbi","lastAccountSyncTimestamp":1728298805,"myAppStateKeyId":"AAAAAGMF"}